{
	"K":	5,
	"trainSize":	64,
	"testSize":	16,
	"attributes":	30,
	"totalTime":	0.0010270000202581286
}{
	"K":	5,
	"trainSize":	64,
	"testSize":	16,
	"attributes":	30,
	"totalTime":	0.00083799997810274363
},